name,email,platform,category,niche,followers,reach,engagement_rate
Kristina Mcdowell,smithbrittany@example.com,Instagram,Gaming,Mobile Games,395348,328018,8.79
Sabrina Benitez,qbrown@example.com,YouTube,Fashion,Streetwear,353249,272926,5.7
Gregg Walker,kballard@example.net,Instagram,Travel,Backpacking,490695,121044,8.02
Kyle Carter,aguilaranna@example.com,YouTube,Food,Healthy Eating,929940,697383,2.93
Kimberly Lee,fullerkevin@example.com,Twitter,Fitness,Yoga,577831,123062,2.31
Matthew Thomas,diana75@example.net,TikTok,Gaming,Mobile Games,748317,310296,6.72
Leroy Becker,carrillodarrell@example.net,Facebook,Food,Healthy Eating,811523,678402,6.25
Janet Morales,nelsonkevin@example.com,Instagram,Fashion,Luxury Wear,489484,324383,2.86
Eric Beard,burkemiguel@example.net,Facebook,Tech,Smartphones,21319,12213,1.43
Carla Kirk,johnsonjohnny@example.com,YouTube,Fitness,Yoga,545948,378340,6.51
Christine Hubbard,tabitha30@example.com,YouTube,Tech,Gadgets,523339,117197,4.85
Amanda Smith,johnathan60@example.net,YouTube,Fitness,Weight Loss,547889,169580,1.6
Karen Hayes,collinsrebecca@example.net,YouTube,Travel,Solo Travel,17096,11385,4.45
Donald Smith,gregory49@example.org,YouTube,Fitness,Weight Loss,319320,92781,9.12
Julian Leon,hickslori@example.com,Instagram,Gaming,Mobile Games,829553,232794,7.95
Scott Castillo,coxjustin@example.net,TikTok,Fitness,Bodybuilding,546591,197945,5.92
Johnny Freeman,anthony96@example.org,Instagram,Tech,Reviews,490085,251090,9.86
Crystal Kelly,rickymoreno@example.com,TikTok,Travel,Backpacking,860273,653186,9.85
Theresa Harper,sara20@example.org,Twitter,Tech,Gadgets,443452,171995,8.77
Belinda Richardson,simsregina@example.org,Twitter,Fitness,Weight Loss,436766,307501,1.57
John Brown,sdouglas@example.org,TikTok,Fashion,Sustainable Fashion,988322,289234,2.91
Michelle Pace,santiagojocelyn@example.org,Instagram,Fitness,Weight Loss,584923,182065,9.6
Courtney Leonard,brandy16@example.org,Facebook,Food,BBQ,685969,562209,6.98
Melissa Johnson,mayersteven@example.com,Twitter,Fashion,Luxury Wear,48151,39773,7.26
Mike Pearson,melissadavis@example.com,TikTok,Tech,Smartphones,9347,3215,4.35
Jessica Cobb DDS,donreed@example.org,Instagram,Food,Vegan Recipes,461103,146123,4.93
Andrea Wright,ellisjames@example.org,YouTube,Fashion,Sustainable Fashion,635829,362301,2.64
Tyler Cruz,jeffrey05@example.com,Instagram,Tech,Reviews,9327,2017,9.44
Alexis Harris,roberttucker@example.org,Twitter,Gaming,Mobile Games,827291,639359,4.26
Keith Ortiz,snowhannah@example.net,Facebook,Fitness,Yoga,778068,287548,4.87
Laurie Nguyen,chutchinson@example.org,YouTube,Fitness,Bodybuilding,342762,224285,2.74
Dr. Gary Chang PhD,snydercraig@example.org,Twitter,Fitness,Weight Loss,102675,76399,2.38
Daniel Rogers,christopher84@example.net,TikTok,Fitness,Bodybuilding,26706,12014,1.36
Cheryl Oliver,davispaul@example.net,Facebook,Fitness,Bodybuilding,927637,251763,3.33
Ernest Moore,rsmith@example.org,Instagram,Fashion,Streetwear,473939,112258,9.96
Stephanie Odom,amberschneider@example.org,Instagram,Gaming,PC Gaming,341264,282445,4.44
Cody Baldwin,twebster@example.org,TikTok,Fitness,Bodybuilding,219471,116015,7.14
Nancy Sanders,umorris@example.net,Facebook,Food,BBQ,441799,254723,8.34
Christine Knapp,reynoldsjulie@example.org,Facebook,Fashion,Sustainable Fashion,915526,513611,5.19
Carmen Mckee,ryan36@example.net,Twitter,Food,Vegan Recipes,89418,68385,9.95
Joseph Richardson,dquinn@example.net,YouTube,Food,Vegan Recipes,371667,214456,5.28
Kathy Robinson,bmejia@example.org,YouTube,Travel,Luxury Travel,556208,163108,4.43
Marissa Walsh,nhughes@example.com,TikTok,Food,Healthy Eating,431507,252532,3.87
Jose Moore,william67@example.org,Instagram,Fitness,Weight Loss,544862,346005,1.41
John Jennings,jenniferellison@example.org,Instagram,Gaming,PC Gaming,471088,220009,7.84
Tyler Thornton,melanie16@example.net,Facebook,Gaming,Console Gaming,686022,574281,9.32
Andrea Joseph,hdonaldson@example.net,YouTube,Fashion,Streetwear,490989,283602,4.29
Sarah Garza,kristopheravila@example.com,YouTube,Food,Healthy Eating,242273,60674,2.13
Stephen Jennings,rhall@example.net,Facebook,Tech,Reviews,135042,47707,6.06
Richard Stephenson,marcdennis@example.org,TikTok,Tech,AI,952542,424155,9.81
Vincent Jimenez,zclark@example.net,Instagram,Fashion,Luxury Wear,76004,46131,4.29
Dale Anderson,alexandria41@example.net,Instagram,Fashion,Streetwear,300952,166628,7.24
Thomas Anderson,maurice69@example.org,YouTube,Food,Vegan Recipes,264937,85963,9.26
Emily Stephenson,lindseymaxwell@example.org,TikTok,Gaming,PC Gaming,117289,44787,8.15
Jack Reyes,nicholemiles@example.com,Twitter,Fashion,Luxury Wear,980078,633955,5.05
Jennifer Sanders,zsantos@example.org,Facebook,Fitness,Yoga,649545,313445,6.62
Becky Kelly,adamsanthony@example.com,Facebook,Travel,Luxury Travel,68499,31451,5.11
Heather Manning,barbara31@example.net,Instagram,Food,Vegan Recipes,779812,701761,2.57
James Nelson,william74@example.org,Twitter,Travel,Luxury Travel,500305,212121,4.17
Eugene Berry,eric29@example.com,Twitter,Travel,Luxury Travel,441530,343735,7.03
Jeffrey Leon,alyssamcdowell@example.net,YouTube,Fashion,Streetwear,57420,40167,9.32
Sierra Jones,hrichardson@example.org,Twitter,Fitness,Yoga,161656,111191,2.87
Austin Dominguez DDS,jack86@example.org,Instagram,Fitness,Yoga,584435,316073,6.06
Edgar Rose,steven55@example.com,YouTube,Tech,Smartphones,900742,760416,3.38
David Gardner,iwoodard@example.org,Instagram,Fitness,Weight Loss,206854,164143,4.6
Jennifer Chandler,harrisdavid@example.com,Facebook,Food,Healthy Eating,137565,92869,6.18
Mary Ruiz,victoriarogers@example.org,Twitter,Gaming,Mobile Games,340973,249627,1.11
Robert Taylor,christy55@example.org,TikTok,Fashion,Luxury Wear,906754,524674,4.1
Lisa Evans MD,jenniferortiz@example.net,Twitter,Food,Vegan Recipes,944595,576586,1.15
Susan York,jenniferkane@example.net,Twitter,Food,Healthy Eating,673693,387737,9.87
Kevin Meyer,christina10@example.com,Facebook,Tech,Gadgets,643905,179449,5.79
Christian Davis,jennifercarter@example.net,Instagram,Tech,AI,354333,73663,7.54
Danny Harris,iberger@example.org,YouTube,Gaming,Mobile Games,970915,516271,6.66
Mrs. Kelsey Aguirre,annamoses@example.net,Facebook,Tech,Reviews,604737,499016,5.41
William Greene,tmathis@example.com,Instagram,Tech,Reviews,836978,202210,2.18
Brian Cordova,pnichols@example.net,Twitter,Fashion,Luxury Wear,97492,53332,7.36
Erik Ross,jacksonandrew@example.org,YouTube,Gaming,Console Gaming,138729,116985,7.98
Laura Hoffman,lisawilson@example.net,Facebook,Travel,Solo Travel,132387,82317,2.92
Leslie Lopez,williammcintosh@example.com,Instagram,Tech,AI,769770,574858,3.32
Jared Phillips,lindajohnson@example.org,Twitter,Gaming,Mobile Games,15802,11744,9.57
Curtis Harris,hortiz@example.com,Facebook,Tech,Reviews,966897,356691,1.18
Terry Garcia,kperkins@example.org,Facebook,Fitness,Weight Loss,880700,539346,4.42
Alexander Blackburn,paigepearson@example.com,Instagram,Tech,Gadgets,470536,222000,5.69
William Peterson,jennifervazquez@example.com,Instagram,Tech,Smartphones,951249,565549,2.04
Christina Powers,urivera@example.com,TikTok,Food,Vegan Recipes,460544,197610,8.26
Tyler Dickson,rbrown@example.com,Twitter,Fitness,Bodybuilding,801574,689375,6.33
Dawn Ward DDS,shawna55@example.org,YouTube,Fitness,Bodybuilding,489879,243327,4.01
Angela Massey,ccarter@example.com,YouTube,Tech,Reviews,959410,457751,4.76
Lindsay Sanchez,brennanholly@example.org,Facebook,Fashion,Sustainable Fashion,131558,111579,8.04
Tony Morales,pfrazier@example.net,TikTok,Gaming,Mobile Games,501476,224283,2.9
Robert Butler,khaney@example.net,Facebook,Gaming,Mobile Games,642693,484481,5.55
Teresa Daniels,goodmichael@example.com,Instagram,Food,Vegan Recipes,235006,83198,2.89
Scott Zimmerman,elizabeth52@example.com,Facebook,Fitness,Yoga,708047,606406,5.54
Ms. Sierra Strong,nathanharris@example.com,Twitter,Food,Healthy Eating,965179,322334,9.97
Robert Parsons,vanderson@example.org,TikTok,Fitness,Weight Loss,569732,310509,8.63
Carol Wong,calhounrobert@example.org,Facebook,Food,Healthy Eating,678796,169052,6.71
John Scott,troycook@example.com,TikTok,Travel,Luxury Travel,561363,123479,1.97
Tonya Riley,fstewart@example.org,Facebook,Travel,Solo Travel,799974,370612,4.34
Lisa Spencer,keith15@example.org,TikTok,Tech,Smartphones,752831,251036,4.16
James Ellis,ihall@example.org,Facebook,Gaming,Mobile Games,410374,222725,7.32
Stephanie Smith,davidparrish@example.org,Instagram,Tech,Gadgets,403939,140763,5.32
Linda Harvey,austin87@example.org,TikTok,Gaming,PC Gaming,76913,64791,8.78
William Edwards,calvin31@example.org,Instagram,Food,Vegan Recipes,366011,176448,9.72
Neil Myers,qsmith@example.com,YouTube,Fashion,Streetwear,711788,576685,7.09
Kristin Merritt,vjones@example.com,Twitter,Fitness,Weight Loss,408755,319443,1.26
Katelyn Gibson,katherinerodriguez@example.org,Twitter,Fashion,Sustainable Fashion,141202,89538,1.33
Debbie Garcia,navarrobrittany@example.org,TikTok,Fashion,Luxury Wear,829318,309108,3.3
Brandi Baker,jaclyn81@example.org,Facebook,Fashion,Streetwear,756785,193641,9.5
Elizabeth Mcgrath,leebrenda@example.com,Twitter,Fashion,Sustainable Fashion,188814,74852,8.51
Dr. Gabrielle Thomas,sandralara@example.org,Facebook,Food,BBQ,173390,138986,6.02
Mary Thompson,natasha73@example.net,Twitter,Food,Vegan Recipes,513555,332493,1.15
Sarah Reyes,petersmichelle@example.org,Facebook,Tech,Reviews,816080,182799,3.37
Claudia Williamson,wilsonantonio@example.org,YouTube,Tech,AI,520150,457836,1.0
Samuel Moreno,hsimpson@example.com,Instagram,Food,Healthy Eating,570445,470500,6.08
Dr. Kirk Gillespie,andersonpaul@example.org,Facebook,Fashion,Luxury Wear,254317,187396,4.31
Theodore Miller,lisamarshall@example.net,YouTube,Fashion,Streetwear,613451,226634,6.39
Emily Sullivan,millerjennifer@example.org,YouTube,Food,Healthy Eating,661671,522569,5.77
Bianca Morgan,scampbell@example.com,TikTok,Fashion,Sustainable Fashion,905004,813232,5.38
Cindy Mason,thomas31@example.net,Twitter,Gaming,Console Gaming,695602,617886,1.93
Michele Perez,moorecatherine@example.com,YouTube,Fitness,Weight Loss,894585,333303,7.25
Christopher Miller,lori74@example.net,YouTube,Fitness,Bodybuilding,9370,3173,5.75
Robert Mcintyre,downscindy@example.net,TikTok,Tech,Reviews,18205,5440,3.99
Suzanne James,kristinalyons@example.net,Twitter,Food,Healthy Eating,755616,502005,9.0
Cody Johnson,sharon52@example.net,TikTok,Fashion,Sustainable Fashion,796434,447945,1.83
Matthew Atkinson,lauren24@example.org,Facebook,Fashion,Streetwear,134515,51307,4.34
Amanda Moyer,nicoledavis@example.org,YouTube,Fitness,Weight Loss,352845,75720,1.18
Zachary Jensen,zdunn@example.net,YouTube,Tech,Reviews,897811,292478,4.23
Joshua James,cgibson@example.org,Facebook,Travel,Solo Travel,800426,396763,2.76
Carolyn Villa,carneytanya@example.com,YouTube,Fitness,Weight Loss,242586,213718,9.42
Roger York,floresjennifer@example.net,Twitter,Gaming,PC Gaming,682010,583431,2.12
Mrs. Emily Mcgrath,smithwillie@example.org,TikTok,Food,Vegan Recipes,104716,36649,2.43
Monica Mcintosh,ylindsey@example.com,Instagram,Fitness,Weight Loss,907447,549448,1.76
Gabriel Owens,moorepeter@example.com,YouTube,Tech,Reviews,828826,233624,2.65
John Jones,jonathan87@example.com,Facebook,Gaming,PC Gaming,37368,15790,7.36
Brad Anderson,dylanhughes@example.net,Facebook,Travel,Solo Travel,389718,174920,6.49
Sue Parker,angela23@example.org,Facebook,Tech,AI,678658,247023,1.5
Tyler Esparza,crosskristin@example.net,Instagram,Fashion,Sustainable Fashion,23050,7935,2.62
Michelle Weeks,griffintiffany@example.com,Twitter,Fashion,Streetwear,724794,252958,9.56
Seth Miller,shepardchristopher@example.com,TikTok,Tech,AI,688502,225240,4.53
Rachel Brock,caleb41@example.net,TikTok,Tech,Smartphones,484999,205424,6.04
David Tucker,jacobbyrd@example.com,Twitter,Gaming,PC Gaming,598348,454858,1.38
Michelle Roberts,shawmark@example.net,Twitter,Gaming,Mobile Games,124893,104214,7.72
Mark Anderson,scottmueller@example.org,Instagram,Fashion,Luxury Wear,416481,123622,5.85
Nicholas Douglas,coreyhunt@example.net,TikTok,Gaming,Console Gaming,104175,54973,5.5
Diana Mitchell,vreed@example.org,Twitter,Fitness,Weight Loss,399871,166919,3.61
Steven Moreno,sharpclinton@example.org,Instagram,Fitness,Bodybuilding,997810,804612,1.45
Christie Allen,thomashuynh@example.org,TikTok,Fashion,Sustainable Fashion,318680,118963,5.75
Nancy May,ccarter@example.org,Twitter,Food,BBQ,10489,6034,7.22
Brad Phillips,shernandez@example.com,Facebook,Fashion,Sustainable Fashion,250681,99561,6.93
Theresa Carpenter,erica40@example.org,Twitter,Gaming,PC Gaming,104501,83297,6.49
Amanda Jimenez,torresmaurice@example.org,Facebook,Fitness,Yoga,186383,118823,1.87
Diana Howard,baileynicole@example.org,Facebook,Food,Healthy Eating,71408,63027,4.07
John Hopkins,jacob72@example.net,Facebook,Fashion,Sustainable Fashion,816844,171462,3.13
Shane Huynh,wmann@example.net,Twitter,Food,Healthy Eating,733913,174461,2.76
Adrian Miller,timothy84@example.com,YouTube,Gaming,Console Gaming,340319,76545,4.73
Susan Brown,ochoaamy@example.org,YouTube,Food,BBQ,487537,248024,9.51
Lee Reid,amandabutler@example.com,Facebook,Fashion,Luxury Wear,930273,670396,5.44
Douglas Scott,rbyrd@example.org,TikTok,Food,Vegan Recipes,889378,755428,4.79
Troy Griffin,yramos@example.net,Twitter,Food,Vegan Recipes,576633,274310,6.37
Joel Woodward,bryan80@example.net,Facebook,Gaming,Mobile Games,366451,296317,3.44
Francisco Rogers,colescott@example.com,Facebook,Gaming,PC Gaming,697470,253284,8.83
James Aguilar,wduarte@example.org,Facebook,Gaming,PC Gaming,24602,12078,3.87
Maurice Robbins,scottbaker@example.com,TikTok,Gaming,Mobile Games,10610,3281,7.89
William Miles,rebeccaramos@example.org,Instagram,Fitness,Yoga,836243,355332,8.86
Alan Richmond Jr.,sherrijackson@example.org,Twitter,Fashion,Streetwear,923379,675168,5.55
Laura Coffey,kennethibarra@example.com,TikTok,Food,Vegan Recipes,609298,264454,2.04
Nicole Lee,freemanbrett@example.net,Twitter,Tech,Smartphones,983508,401953,1.92
Richard Garner,mary26@example.org,TikTok,Food,Vegan Recipes,681160,345777,7.98
Amanda Snyder,michellewright@example.net,YouTube,Gaming,Mobile Games,61084,14035,5.33
Kevin Williams,simmonsandrew@example.net,Instagram,Tech,Reviews,766123,585658,8.06
Erika Mckinney,russopatricia@example.net,Twitter,Tech,AI,696679,374542,2.03
Mr. Robert Williams,fcortez@example.com,Facebook,Fitness,Yoga,592526,241943,6.33
William Roberts,sanderstracy@example.org,Twitter,Gaming,Mobile Games,305149,69525,6.13
Mark Burke,wedwards@example.org,TikTok,Tech,Gadgets,531568,367024,6.02
Matthew Sellers,lwatson@example.net,Twitter,Travel,Backpacking,201819,98841,4.72
Julie Obrien,ewilliams@example.net,TikTok,Fitness,Yoga,648761,459296,7.24
Terry Norton,mflynn@example.org,Instagram,Fashion,Sustainable Fashion,816665,543832,6.48
Mandy Smith,margaretgillespie@example.com,Instagram,Food,Healthy Eating,924410,735331,8.57
Daniel Garcia,benjamin04@example.net,TikTok,Fashion,Streetwear,751616,504375,7.03
Patricia Lucas,barbaramcintosh@example.net,Instagram,Fashion,Streetwear,609580,430757,1.54
David Welch,josebates@example.org,YouTube,Food,BBQ,383142,290579,9.78
Mark Durham,ronniemercer@example.org,Facebook,Fitness,Weight Loss,151516,131847,8.42
Jessica Becker,uhernandez@example.org,TikTok,Fitness,Bodybuilding,30937,19246,8.81
Christopher Lee,omack@example.com,Instagram,Tech,Gadgets,302129,165387,7.08
Brian Smith,rebeccagarrett@example.com,TikTok,Gaming,PC Gaming,189170,152648,2.79
Mr. Michael Blackburn,linda61@example.org,Facebook,Travel,Luxury Travel,301592,145194,7.53
Sandra Perez,jonesgrace@example.com,TikTok,Fitness,Bodybuilding,894792,791256,9.65
Andrew Price,ofriedman@example.org,Instagram,Food,Healthy Eating,107739,86189,9.89
Paul Smith,courtney69@example.com,TikTok,Gaming,Console Gaming,702806,602386,1.42
Phillip Delgado,andrewhamilton@example.net,Facebook,Food,BBQ,553171,368694,6.35
Patrick Green,bbartlett@example.org,YouTube,Fitness,Yoga,646684,526303,7.18
Ann Glover,michael12@example.net,YouTube,Fashion,Sustainable Fashion,347405,273559,8.86
Kevin Jensen,yesenia76@example.org,TikTok,Travel,Luxury Travel,193950,58284,7.22
Alexandra Aguirre,kylevance@example.com,Facebook,Fashion,Streetwear,504159,288100,6.65
Valerie Wong,mosskatie@example.com,TikTok,Travel,Backpacking,139359,101997,4.75
Spencer Cohen,zhickman@example.org,TikTok,Gaming,Mobile Games,525615,276715,1.69
Laura Miles,fbarton@example.net,Twitter,Travel,Luxury Travel,243429,109857,4.23
Melissa Burns,webbkayla@example.com,TikTok,Travel,Luxury Travel,315061,186803,9.18
Karen Powell,heather53@example.net,Instagram,Food,Healthy Eating,764682,237919,9.78
Angela James,william57@example.org,Instagram,Gaming,PC Gaming,805566,649496,6.29
Douglas Hale,daniel34@example.com,Instagram,Tech,Gadgets,882627,447188,3.91
Christina Meadows,umendez@example.net,Twitter,Travel,Backpacking,210320,122040,1.21
Amanda Alvarado,tammy63@example.com,YouTube,Food,BBQ,828425,683515,7.91
Mary Rice,haasmelissa@example.net,Facebook,Fashion,Luxury Wear,464566,185114,3.1
Robert Rios,jatkins@example.com,YouTube,Tech,AI,398279,238225,1.08
Gina Clark,stewartcurtis@example.com,Instagram,Gaming,PC Gaming,837642,638529,7.12
Daniel Singleton,guzmanmelanie@example.com,Instagram,Gaming,Mobile Games,665517,181224,5.01
Brian Gonzalez,andersonsara@example.com,Twitter,Fashion,Streetwear,336196,163503,9.45
Jasmine Hernandez,stevenbrewer@example.net,TikTok,Food,Vegan Recipes,792150,308651,9.61
Jeffery Robinson,qjohnson@example.net,Twitter,Travel,Backpacking,944012,555781,8.84
Denise Meyer,qmartinez@example.net,YouTube,Gaming,Mobile Games,917255,572092,3.98
Eric Trujillo,floydmark@example.com,YouTube,Tech,AI,138667,79633,7.3
Jesse Hoffman,wilkinsjoe@example.org,Facebook,Travel,Solo Travel,308985,163846,1.31
Jeffrey Bryant,martinezmanuel@example.net,Twitter,Tech,Gadgets,340720,73482,2.59
John Lewis,bushdawn@example.com,Facebook,Fitness,Yoga,216112,92783,6.51
Brian Hayes,oowens@example.net,Instagram,Food,BBQ,300467,198554,1.63
Justin Blake,austinkristen@example.org,YouTube,Fitness,Yoga,191714,148982,1.98
Craig Gonzalez,michellemccormick@example.org,YouTube,Gaming,Mobile Games,637682,524552,7.38
Judith Kelly,alexander56@example.com,YouTube,Tech,Smartphones,26592,21502,9.39
Justin Hardin,morgandeanna@example.com,Facebook,Gaming,Mobile Games,489342,169493,7.81
Kevin Rodriguez,matthew80@example.com,Facebook,Food,Vegan Recipes,571662,318222,3.69
Debra Smith,samanthacooper@example.org,Instagram,Fitness,Bodybuilding,540911,433202,7.04
Tasha Martinez,zelliott@example.com,Twitter,Fitness,Weight Loss,885110,712235,8.75
Mr. Troy Padilla,gonzalezjuan@example.com,Facebook,Fitness,Bodybuilding,165451,111695,3.41
Lauren Morgan,wademichelle@example.org,TikTok,Travel,Solo Travel,550002,482875,2.64
Cheryl Marshall,andersonbrittany@example.org,YouTube,Food,Healthy Eating,958097,282509,7.13
Michelle Hanna,cody86@example.org,Facebook,Tech,Reviews,36605,11283,3.01
Tammy Beltran,cruzmichael@example.org,TikTok,Gaming,PC Gaming,999187,291112,4.13
Belinda Baker,christine39@example.com,YouTube,Food,Healthy Eating,774736,384659,8.68
Jacqueline Reyes,jacksonlisa@example.com,Facebook,Tech,Smartphones,684986,413264,7.74
William Hill,xrodriguez@example.org,Facebook,Fitness,Bodybuilding,627152,161324,7.14
Adrienne Juarez,stevenjackson@example.org,TikTok,Fashion,Streetwear,751937,220354,1.55
Brian Owen,eortiz@example.net,YouTube,Fitness,Weight Loss,53997,43912,6.43
Scott Miller,nguyenharold@example.net,TikTok,Food,BBQ,902848,655749,1.98
George Ferguson,sonyamckay@example.com,Facebook,Gaming,Console Gaming,341870,108769,7.26
Breanna Owens,ramirezjohn@example.com,Instagram,Travel,Backpacking,141898,54768,1.77
Scott Miller,leehayley@example.net,Facebook,Travel,Solo Travel,68365,16644,7.59
Susan Franklin,jameswhite@example.com,YouTube,Gaming,Mobile Games,974820,420134,7.6
Kevin Bowman,catherinelopez@example.com,TikTok,Travel,Backpacking,260887,148117,4.21
Travis Franklin,christensenrachel@example.com,Facebook,Fitness,Weight Loss,571427,158557,4.87
Stephanie Mitchell,gmcintosh@example.com,TikTok,Travel,Solo Travel,158694,72451,1.31
Elizabeth Ellison,xaguilar@example.com,Instagram,Food,Vegan Recipes,949272,712437,4.51
Devin Serrano,martinmichael@example.com,Facebook,Travel,Backpacking,710720,372589,8.93
Julie David,tyler29@example.com,YouTube,Food,Healthy Eating,674324,452732,9.01
Lindsey Wilson,ztodd@example.org,Twitter,Travel,Backpacking,691967,524850,3.95
Jeremiah Adams,armstrongerica@example.org,Facebook,Travel,Backpacking,86520,71860,3.21
Eric Davidson,christopherlopez@example.com,YouTube,Fashion,Luxury Wear,368417,108795,3.05
Mary Huber,amandasimpson@example.org,Facebook,Gaming,Mobile Games,456793,369992,1.03
James Smith,maurice62@example.net,Instagram,Food,BBQ,104175,42042,7.19
Joseph Jennings,brandongriffith@example.net,Facebook,Gaming,Mobile Games,17038,4633,8.18
Kathleen Lawrence,gonzalezsara@example.com,Facebook,Gaming,PC Gaming,55253,16880,4.11
Melanie Obrien,andrea54@example.net,Facebook,Food,Healthy Eating,560797,410959,2.45
Eric Stewart,patrickpage@example.net,Twitter,Travel,Luxury Travel,631822,550385,7.13
Brenda Lozano,danny44@example.com,Facebook,Food,Vegan Recipes,337478,276202,4.88
Maria Campbell,turnerallen@example.com,Twitter,Gaming,Mobile Games,343355,256184,2.2
Mr. Brad Hickman,jasmine48@example.net,TikTok,Travel,Luxury Travel,505481,312451,3.2
Sean Gray,maria57@example.com,TikTok,Fashion,Luxury Wear,908295,280071,2.41
Howard Davis,ramirezapril@example.net,Twitter,Fashion,Luxury Wear,267132,85845,1.22
Edward Hoover,villarrealmichael@example.org,Facebook,Fashion,Streetwear,535081,379925,9.73
Crystal Gonzalez,carloswiggins@example.net,Twitter,Food,Healthy Eating,366581,316985,9.38
Erin George,taylorpamela@example.net,Facebook,Gaming,PC Gaming,510840,429397,5.65
Nicole Daniels,mooremonica@example.org,Instagram,Fitness,Yoga,497720,214484,1.26
Garrett Smith,wjensen@example.com,YouTube,Food,BBQ,268626,217533,7.18
Charlene Martin,devin32@example.com,TikTok,Travel,Backpacking,574680,229888,5.3
Teresa Hughes,lisagreen@example.net,YouTube,Gaming,Console Gaming,100989,48393,8.53
Erika Jackson,vdiaz@example.net,YouTube,Food,BBQ,388758,112725,7.81
Thomas Henry,andreayates@example.net,Facebook,Gaming,Console Gaming,320800,207719,7.4
Lisa Wilson,jonathon67@example.com,Twitter,Travel,Luxury Travel,804643,601980,9.13
Janet Patel,johnharvey@example.net,Twitter,Tech,Reviews,806531,272684,7.01
Jamie Johnston,sean26@example.org,Instagram,Gaming,Console Gaming,840105,601939,9.68
Ricardo Watkins,john38@example.net,TikTok,Tech,Smartphones,782301,364363,9.3
Andrew Rivera,larrywilliams@example.com,Instagram,Food,BBQ,538630,271678,5.54
April Lewis MD,rebecca65@example.org,TikTok,Fashion,Luxury Wear,570868,294477,3.13
David Cox,jefferynewton@example.com,Twitter,Fashion,Sustainable Fashion,480236,230471,2.71
Emily Gonzales,tkelley@example.com,Twitter,Fitness,Bodybuilding,152709,116164,6.35
Olivia Solomon,jwhite@example.net,Facebook,Fashion,Luxury Wear,746064,461162,2.56
Timothy Alvarado,crosbyjoanna@example.net,Facebook,Fashion,Sustainable Fashion,531994,395643,3.87
Matthew Freeman,ggarcia@example.org,Facebook,Food,Healthy Eating,294129,190618,1.97
Eric Barber,howardbrittany@example.org,Facebook,Fashion,Luxury Wear,755562,494289,7.35
Carol Cooper,williamskimberly@example.com,Instagram,Travel,Solo Travel,176639,127243,5.69
Heather Campbell,michaelsantos@example.org,Twitter,Travel,Backpacking,424196,131560,6.15
Jason Solis,tdiaz@example.org,Facebook,Gaming,Mobile Games,631918,381453,1.28
Elijah Rogers,tiffany52@example.com,Instagram,Travel,Luxury Travel,208707,135931,6.46
Joseph Carter,emily08@example.com,Facebook,Fitness,Bodybuilding,83945,34030,2.4
Steven Oconnell,chasethomas@example.org,YouTube,Fashion,Streetwear,284957,187149,2.88
Kenneth Stevens,jillianbates@example.net,Instagram,Travel,Luxury Travel,54384,23231,3.92
Christopher Rodriguez,michael35@example.net,YouTube,Tech,Smartphones,864080,694459,4.36
Lisa Perez,frederickmeyers@example.net,Twitter,Food,Vegan Recipes,153789,75720,9.13
Heather Huber,obond@example.org,Twitter,Travel,Luxury Travel,935248,420191,2.21
Steve Wright,raytammy@example.net,TikTok,Tech,Smartphones,251480,110883,8.95
Joseph Johnson,abutler@example.com,Instagram,Food,Healthy Eating,33624,21854,2.12
Jeffrey Flores,lwoods@example.com,Twitter,Fitness,Weight Loss,849609,265165,2.31
Jonathan Jackson,patrick58@example.org,Twitter,Fitness,Bodybuilding,428527,144409,5.56
Christine Jones,brentcarroll@example.com,Instagram,Fitness,Bodybuilding,868698,584324,6.19
Cassidy Juarez,robin37@example.net,Facebook,Fashion,Luxury Wear,470290,214273,7.87
Rebecca Harris,michaelcox@example.net,Instagram,Fitness,Yoga,773872,510091,2.75
Erin Rivera,oevans@example.org,Twitter,Gaming,Mobile Games,812351,168767,5.46
John Hughes,vicki62@example.com,YouTube,Tech,Reviews,560066,482883,8.1
Stephanie Walsh,willisdale@example.com,TikTok,Fitness,Weight Loss,623782,540100,8.12
Michael Bennett,edwardstimothy@example.com,TikTok,Fitness,Yoga,728899,287348,6.65
Melissa Stone,sydney20@example.org,Instagram,Food,Healthy Eating,264884,161031,2.09
Loretta White,pattersonjacob@example.net,Twitter,Fitness,Yoga,368676,221776,6.94
Craig Blair,jennifergriffin@example.org,Instagram,Gaming,Mobile Games,623065,213991,9.96
Jonathon Brown,sandovaldesiree@example.org,TikTok,Fitness,Bodybuilding,132848,77562,1.58
Mr. Paul Kaiser,estradajason@example.com,TikTok,Fitness,Bodybuilding,608102,154060,6.75
Linda Gutierrez,charles77@example.org,Instagram,Fashion,Luxury Wear,481917,187054,9.12
Matthew Russell,ngraham@example.org,Twitter,Fashion,Luxury Wear,257747,64199,6.91
James Martinez,lori85@example.com,Facebook,Food,Healthy Eating,62721,15383,1.67
Timothy Sawyer,xcervantes@example.org,Facebook,Travel,Solo Travel,886775,587223,2.34
James Mcpherson,vscott@example.com,Twitter,Gaming,Console Gaming,765949,290427,7.03
Brandon Coleman,jgoodwin@example.net,Twitter,Tech,Reviews,740728,225426,1.47
Ryan Garcia,delgadoteresa@example.org,Twitter,Fashion,Sustainable Fashion,519256,208073,1.25
Monique Jennings,caitlinvaughn@example.org,Facebook,Food,Vegan Recipes,641158,271248,3.71
Brenda Mcconnell,bryan49@example.org,Instagram,Tech,Smartphones,296100,120496,6.15
Jonathan Peterson,melissawilson@example.org,Facebook,Fitness,Bodybuilding,6897,5093,6.27
Stacy Phillips,doyledavid@example.net,TikTok,Fitness,Yoga,74883,39565,7.83
Kevin Graham,scott59@example.net,TikTok,Fitness,Bodybuilding,242180,156489,1.64
Amy Garcia,jfrancis@example.org,Twitter,Fashion,Streetwear,185486,109484,1.5
James Thornton,hugheseric@example.net,Twitter,Fashion,Luxury Wear,203612,143590,7.81
Joseph Wyatt,henry80@example.org,Twitter,Food,Vegan Recipes,609950,488212,4.14
Logan Hubbard Jr.,wgraham@example.net,Instagram,Fashion,Sustainable Fashion,990216,765741,9.95
Carol Lopez,natalieramirez@example.org,Twitter,Gaming,Mobile Games,368275,308223,4.56
Tiffany Crawford,sherry75@example.net,TikTok,Fashion,Sustainable Fashion,558976,447299,7.13
Crystal Good,ruthbuck@example.org,Twitter,Tech,Smartphones,8239,3058,9.71
Emily Reid,lindamorris@example.net,TikTok,Fashion,Sustainable Fashion,659418,452406,4.43
Colleen Coleman,aprilallen@example.com,Twitter,Food,BBQ,495970,206789,4.1
Stephanie Gomez,griffithchristopher@example.com,YouTube,Tech,AI,604015,173853,7.85
John Nelson,oli@example.org,YouTube,Tech,Smartphones,183857,110173,3.73
Ricky Sosa,lesliemoran@example.org,Twitter,Tech,Reviews,949544,603491,7.68
Angela Williams,stokesbenjamin@example.com,Twitter,Travel,Luxury Travel,362038,322772,3.24
Eric Wolfe,deannadowns@example.org,Facebook,Travel,Luxury Travel,492596,184197,8.63
John Gilbert,riverajeanette@example.org,YouTube,Fashion,Streetwear,975311,689014,2.02
Jennifer Evans,karencraig@example.org,Twitter,Gaming,PC Gaming,794680,374755,3.71
Stephanie Russo,aprilmorrison@example.com,Instagram,Fashion,Streetwear,375446,113449,8.2
Ricky Thompson,johnsonjoseph@example.net,Instagram,Fashion,Sustainable Fashion,88554,46995,3.88
David Edwards,christinamills@example.com,YouTube,Fashion,Sustainable Fashion,339959,209407,3.76
Ashley Johnson,hernandezdevin@example.net,TikTok,Food,BBQ,146025,45304,3.79
Dennis Young,pricearthur@example.net,YouTube,Fashion,Sustainable Fashion,793852,626228,5.72
Joel Martinez,prestongonzalez@example.org,Instagram,Food,Healthy Eating,739681,448589,7.35
Nancy Sawyer,nicoleharrington@example.com,Facebook,Fitness,Weight Loss,314848,201359,7.31
Victor Murphy MD,jeanne82@example.org,TikTok,Gaming,Console Gaming,708033,617100,3.13
Nancy Cortez,patricia41@example.net,Instagram,Gaming,Console Gaming,895880,745255,2.37
Janet Holt,morgantroy@example.com,YouTube,Gaming,Mobile Games,558518,238749,4.38
Kimberly Roy,gmartin@example.com,YouTube,Fashion,Luxury Wear,762825,407640,5.18
Benjamin Woods,teresahill@example.com,Twitter,Food,Healthy Eating,521959,442574,3.31
Michelle Allen,david36@example.net,Instagram,Fitness,Yoga,888336,529050,3.95
Carrie Evans,singhjonathan@example.net,Instagram,Tech,AI,49980,31749,2.55
Ian Young,krodriguez@example.com,Instagram,Food,Vegan Recipes,761774,296988,3.35
Paula Becker,garciadonna@example.org,Instagram,Gaming,Console Gaming,549930,335593,4.53
Alyssa Hawkins,kennedystephanie@example.org,Instagram,Gaming,PC Gaming,695061,146218,8.61
Kari Lloyd,cdavis@example.org,TikTok,Fashion,Sustainable Fashion,812685,369745,5.47
Anthony Hernandez,chaynes@example.com,Facebook,Tech,Smartphones,898468,556529,6.17
Shane Booth,zjenkins@example.net,Twitter,Travel,Solo Travel,564295,231145,1.39
Jessica Watkins,holmeschristine@example.org,Instagram,Tech,Smartphones,180164,99466,8.13
Edward Wilson,dthomas@example.org,Facebook,Food,Vegan Recipes,231304,120267,4.61
Benjamin Cannon,vargaserin@example.com,Twitter,Travel,Solo Travel,813865,259129,8.17
Mr. Jason Avila,heatherwall@example.com,Twitter,Tech,Reviews,476326,395894,4.57
Teresa Jimenez,escobarjames@example.net,Twitter,Travel,Backpacking,922820,722099,7.41
Katelyn Bernard DDS,benjamin86@example.net,YouTube,Food,Healthy Eating,182202,149450,7.6
Allison Edwards,brennantracey@example.net,Facebook,Food,BBQ,905540,670471,4.41
Tom Hood,victorialutz@example.net,Facebook,Fashion,Sustainable Fashion,287065,103078,3.74
Stephanie Thompson,heatherromero@example.net,TikTok,Food,Healthy Eating,857362,724447,9.68
Arthur Costa,ethanwilliams@example.com,YouTube,Travel,Solo Travel,856805,384337,2.18
Alyssa Long,robert31@example.com,TikTok,Food,BBQ,867012,174124,5.01
Derrick Bailey,wongnorma@example.org,Instagram,Fitness,Weight Loss,242555,71404,1.75
Matthew Norman,dana63@example.com,Twitter,Food,BBQ,658083,404576,4.52
Joseph Avery,lisahodges@example.org,Facebook,Tech,AI,927360,675744,3.28
Mark Hernandez,qharrison@example.net,Facebook,Fashion,Sustainable Fashion,832218,534010,6.7
Brenda Henderson,caitlyn46@example.net,TikTok,Gaming,Console Gaming,320944,111799,5.21
Lisa Harris,nicole64@example.org,TikTok,Food,Vegan Recipes,418083,88357,9.17
Jaime Whitaker,robertsjanet@example.com,YouTube,Fitness,Bodybuilding,699256,218783,6.39
Amanda Schmidt,iewing@example.com,Twitter,Gaming,Mobile Games,455663,327005,3.87
Jeremy Maynard,tracy41@example.org,TikTok,Travel,Solo Travel,366558,318279,8.58
Jodi Riddle,katherine76@example.com,Facebook,Food,Vegan Recipes,491979,391747,2.68
Stanley Kline,jose80@example.com,TikTok,Tech,Reviews,964818,858264,4.38
Zachary Martin MD,mbarajas@example.org,YouTube,Fashion,Luxury Wear,345633,237652,2.31
Robert Mullins,gomezamber@example.net,Facebook,Tech,AI,135069,82863,1.8
Michael Lopez,tmays@example.com,Instagram,Travel,Luxury Travel,945467,412177,1.97
Caitlin Bradley,ashley01@example.net,TikTok,Tech,Gadgets,517937,180935,9.41
Sarah Griffin,buchananhoward@example.net,Facebook,Fashion,Sustainable Fashion,505165,325380,2.11
Edward Smith,harveysteven@example.org,Instagram,Gaming,Mobile Games,402479,322976,9.97
Amy Morgan,perezjames@example.com,Twitter,Fitness,Yoga,929938,430878,6.74
Ryan Ellison,samantha57@example.net,TikTok,Tech,Smartphones,187217,116567,3.59
Jennifer Hernandez,aaron23@example.net,TikTok,Travel,Solo Travel,393888,331143,1.98
Brenda Sanchez,dalefleming@example.org,YouTube,Food,Vegan Recipes,36411,11993,6.19
Christina Blair,gellis@example.com,YouTube,Travel,Solo Travel,582838,472159,3.8
Dennis Thomas,williamwoods@example.org,TikTok,Food,Healthy Eating,260877,192506,7.38
Richard Montes,kimberly26@example.com,Facebook,Fitness,Weight Loss,231967,78212,2.29
Elizabeth Blair,jessica57@example.net,YouTube,Fashion,Sustainable Fashion,760806,249343,5.76
Katie Kramer,charles61@example.com,TikTok,Food,BBQ,803552,212535,9.12
Bryan Griffith,tgray@example.org,YouTube,Fashion,Luxury Wear,99493,85681,5.2
Patrick Kelly,robert56@example.com,TikTok,Fitness,Weight Loss,689434,553963,3.0
Victoria Maldonado,stephensondavid@example.org,YouTube,Fashion,Luxury Wear,699059,290991,1.16
Kevin Anderson,william68@example.org,Twitter,Fashion,Streetwear,344500,292207,5.02
Tommy Freeman,dennisford@example.com,YouTube,Fashion,Luxury Wear,333975,100925,1.33
Matthew Strickland,kevinfowler@example.com,Facebook,Fitness,Weight Loss,648746,364378,1.77
Lauren Brown,jonathan71@example.com,Instagram,Travel,Solo Travel,612344,150735,5.52
Amy Brown,lewisjennifer@example.com,TikTok,Tech,Smartphones,564918,237692,9.27
Jason Kent,christopher89@example.net,Facebook,Food,Healthy Eating,131372,51340,5.21
Elizabeth Mcclain,charles89@example.net,Facebook,Fitness,Bodybuilding,721272,615021,8.94
Joel Mays,brandonwhite@example.org,YouTube,Gaming,Console Gaming,955871,633911,6.09
Jacob Chavez,amandanguyen@example.org,Twitter,Tech,Gadgets,636798,262985,7.53
Timothy Williams,hebertjohn@example.org,Instagram,Fashion,Sustainable Fashion,206845,47137,8.14
Megan Kerr,kellison@example.com,TikTok,Gaming,Mobile Games,905446,316867,2.13
Steven Proctor,conniesmith@example.com,Twitter,Fashion,Luxury Wear,780761,303267,2.29
Brittany Johnson,qbell@example.org,Instagram,Food,Vegan Recipes,998262,494422,7.2
Haley Lopez,martinsavage@example.com,Facebook,Travel,Solo Travel,613459,411260,7.25
John Jones,melissa06@example.org,Twitter,Fitness,Weight Loss,494337,300191,8.98
Sarah Sharp,andrew86@example.com,YouTube,Fitness,Weight Loss,479899,215884,9.13
Kathy White,curtislauren@example.org,Instagram,Travel,Backpacking,593444,272521,7.93
Carlos Snyder,mia12@example.com,Twitter,Gaming,Mobile Games,458204,278704,4.89
Kevin Jordan,walshvalerie@example.com,Twitter,Travel,Luxury Travel,565160,254053,5.17
Megan Randall,apatel@example.net,Facebook,Fitness,Yoga,752086,572096,4.99
Steven Kane,jennifer02@example.net,Twitter,Tech,Smartphones,508123,324998,6.32
Kevin Garcia,roy17@example.net,TikTok,Fitness,Weight Loss,451252,277350,8.57
Janet Ellis,thompsonstacey@example.org,Twitter,Tech,Gadgets,465013,187190,8.05
Ashley Rowe,aaron80@example.net,Twitter,Fashion,Sustainable Fashion,960251,233422,6.81
Stuart White,chunter@example.com,Instagram,Fitness,Yoga,30791,18868,8.17
Miranda Thornton,pkramer@example.com,Instagram,Gaming,PC Gaming,124107,32799,9.56
William Castillo DDS,sgraham@example.com,Facebook,Travel,Backpacking,859614,529598,5.64
Jaime Herman,maurice20@example.com,Facebook,Fitness,Yoga,823017,423091,2.42
Belinda Gill,ljames@example.net,Facebook,Fitness,Yoga,361064,300745,3.31
Erin Johnson,cknight@example.net,YouTube,Fashion,Sustainable Fashion,729775,354102,2.8
Lucas Owen,khood@example.com,TikTok,Gaming,Console Gaming,83393,57010,9.57
Brian Rodriguez DDS,raymondjones@example.net,YouTube,Travel,Solo Travel,989839,761729,4.28
Samantha Burns,nthomas@example.org,Instagram,Fashion,Sustainable Fashion,274517,166784,9.86
Kenneth Jones,rpreston@example.com,Twitter,Travel,Backpacking,161929,75825,4.28
Justin Lee,patriciabrown@example.net,Twitter,Gaming,Console Gaming,891790,369071,5.7
David Pruitt,zfreeman@example.com,Twitter,Travel,Luxury Travel,344605,244063,9.69
Sean James,william49@example.net,Facebook,Gaming,Console Gaming,396057,326989,7.04
Robert Collins,christina91@example.com,Instagram,Fashion,Luxury Wear,86420,45710,5.77
Eric Willis,jamesanderson@example.com,Twitter,Food,Vegan Recipes,356216,313934,5.78
Susan Bennett,danielle04@example.com,YouTube,Gaming,PC Gaming,710944,291635,5.82
Austin Orr,martinwilliam@example.org,Facebook,Fitness,Bodybuilding,38143,20815,3.55
Amber Ortiz,iglenn@example.com,Facebook,Tech,Smartphones,19924,13816,2.48
Aaron Ibarra,jessicawade@example.org,Instagram,Tech,AI,21613,19257,9.13
Daniel Love,kristin29@example.com,Twitter,Fitness,Weight Loss,600753,343735,6.65
Michelle Young,lisa51@example.org,YouTube,Food,BBQ,396633,159300,6.09
Glenn Williams,martinhanna@example.net,TikTok,Tech,Gadgets,974804,823810,7.8
Corey Brown,diana53@example.org,TikTok,Gaming,PC Gaming,85811,32069,3.69
Robert Jones,fnelson@example.com,Instagram,Fitness,Bodybuilding,329925,118561,3.66
Mark Brown,wilcoxlisa@example.org,Facebook,Fashion,Luxury Wear,19440,7295,6.51
Melissa Garza,nancybarnett@example.com,Facebook,Gaming,PC Gaming,445715,187738,3.45
Grace White,gregoryallen@example.org,TikTok,Gaming,Console Gaming,959825,478623,8.64
Brian Hill,lambnatasha@example.net,TikTok,Tech,AI,435102,116330,3.06
Sandra Aguilar,gonzaleznathan@example.org,Facebook,Travel,Solo Travel,764119,219587,2.87
Tracy Mendoza,gmelendez@example.com,Twitter,Gaming,Console Gaming,970926,871349,3.43
Sarah Reeves,becky43@example.com,Instagram,Gaming,Mobile Games,277350,244660,9.42
James Thomas,anthony95@example.org,Twitter,Gaming,Console Gaming,74375,15133,7.59
Anthony Mcmahon,faulknercynthia@example.net,Twitter,Food,Vegan Recipes,758417,462766,8.69
Jacqueline Luna,froy@example.org,YouTube,Tech,AI,894191,499236,6.45
William Santiago,emason@example.com,Twitter,Food,Vegan Recipes,779313,458283,7.17
Randall Mueller,amybarton@example.com,Facebook,Fashion,Sustainable Fashion,740656,643953,1.83
Timothy Ramos,npreston@example.net,YouTube,Tech,Reviews,570878,318288,5.17
Ernest Woods,michaelmayo@example.net,Facebook,Fitness,Yoga,377028,258887,1.25
Tina Higgins,jamesmartinez@example.org,YouTube,Tech,Reviews,857515,750884,9.35
Arthur Turner,jenniferlara@example.com,YouTube,Fashion,Sustainable Fashion,169998,47427,4.25
Sara Durham,lunajoshua@example.org,Instagram,Gaming,Console Gaming,62095,16124,3.17
Patrick Black,montgomerygeorge@example.org,Twitter,Tech,AI,610707,343286,3.11
Marcia Lopez,sarahlittle@example.org,TikTok,Tech,AI,848124,408518,1.46
Gail Campbell,julie89@example.org,YouTube,Fashion,Streetwear,861393,747545,5.77
Justin Frank,nicholasdavis@example.org,YouTube,Food,Healthy Eating,979317,627240,6.09
Amanda Miller,timothyhenderson@example.com,YouTube,Gaming,Console Gaming,884566,192190,5.17
Gary Allen,kleinjoseph@example.org,Twitter,Fashion,Streetwear,85839,26490,5.67
Mrs. Sheri Wood,john11@example.com,Instagram,Travel,Luxury Travel,685274,222802,8.12
Casey Chambers,lauren35@example.com,TikTok,Gaming,Console Gaming,255802,130043,9.5
Amber Brown,alexanderlogan@example.org,Facebook,Travel,Backpacking,725902,253277,1.37
Stacey Brown,marksstephanie@example.net,Instagram,Food,Vegan Recipes,947999,739772,2.41
Rodney Mendez,jeanette36@example.net,Twitter,Tech,Smartphones,874686,457638,9.18
Mary Peterson,victoria36@example.net,Twitter,Tech,Gadgets,422477,163165,4.0
Katherine Chan,mpratt@example.com,Facebook,Tech,Gadgets,810478,711586,7.62
Judith Joseph,kmccormick@example.net,YouTube,Fashion,Sustainable Fashion,12916,10626,2.33
David Hines,bjensen@example.com,Facebook,Gaming,PC Gaming,913919,768108,6.42
Steve May,jared45@example.net,TikTok,Fashion,Luxury Wear,838909,335972,6.29
Jasmine Bowen,gallagherholly@example.org,TikTok,Gaming,PC Gaming,276069,191764,2.96
Francisco Rivera,christopher87@example.com,Facebook,Fashion,Streetwear,408837,166170,8.8
Kristin Jackson,pwilson@example.com,Twitter,Food,BBQ,523635,364765,5.69
Sharon White,collinsmichael@example.com,TikTok,Fitness,Weight Loss,245126,175481,7.91
Debra Walters,qarcher@example.net,Facebook,Travel,Luxury Travel,60237,38788,8.19
Dennis Young,davidmarshall@example.net,TikTok,Tech,Gadgets,720198,353744,1.8
Shane Wall,susan68@example.net,Instagram,Food,BBQ,650648,475111,2.28
Linda Michael,mparker@example.org,Facebook,Travel,Backpacking,55694,11509,7.47
Ryan Young,awhite@example.org,Twitter,Gaming,Console Gaming,142554,50575,7.61
Larry Smith,angel79@example.com,TikTok,Fitness,Yoga,209339,108009,5.65
Hayden Smith,figueroasarah@example.com,Instagram,Tech,Smartphones,152116,51142,3.33
Sheila Chan,qbriggs@example.net,Twitter,Gaming,Mobile Games,207041,56764,5.49
Alexandra Henry,davisalicia@example.com,YouTube,Gaming,Mobile Games,327338,208132,9.69
Anthony Williams,hhall@example.net,TikTok,Fashion,Luxury Wear,652899,431653,2.74
Robert Wells,morgandominique@example.net,Instagram,Fitness,Yoga,30576,15926,1.96
Sarah Stein,martinsmith@example.net,TikTok,Food,BBQ,193888,155022,4.16
Heather Marshall,kimberly07@example.org,TikTok,Tech,AI,21373,18459,8.79
William Clark,rodrigueztamara@example.com,TikTok,Fitness,Yoga,28072,14201,9.08
Lynn Mack,fergusoncraig@example.org,Instagram,Food,Healthy Eating,846639,170286,4.03
Yvette Roberson,robertsonerica@example.com,Twitter,Gaming,PC Gaming,240242,102348,6.88
Erin Coleman,hammondmelissa@example.com,YouTube,Fitness,Yoga,808893,694258,8.78
Kimberly Lee,amy31@example.com,Instagram,Tech,Reviews,193615,50624,5.4
Lauren Owens,reedjames@example.org,Facebook,Tech,AI,292498,224778,6.82
Amber Farrell,michele37@example.com,YouTube,Gaming,Mobile Games,823688,295354,6.84
Andrew Thornton,marcwaters@example.net,Facebook,Fashion,Luxury Wear,506343,380725,4.85
Adrienne Chaney,aaron52@example.com,TikTok,Fitness,Bodybuilding,315192,199371,8.74
